docket_id,engine_off_section_id,engine_off_start,engine_off_end,engine_off_duration_minutes
Cemex--1026180156,350.0,2024-11-20 07:58:50+00:00,2024-11-20 07:59:10+00:00,0.3333333333333333
Cemex--1026180764,271.0,2024-11-20 08:12:23+00:00,2024-11-20 08:12:54+00:00,0.5166666666666667
Cemex--1026180923,602.0,2024-11-20 07:52:14+00:00,2024-11-20 07:55:23+00:00,3.15
Cemex--1026181294,245.0,2024-11-20 08:06:56+00:00,2024-11-20 08:10:06+00:00,3.1666666666666665
Cemex--1026183063,236.0,2024-11-20 08:58:20+00:00,2024-11-20 09:05:12+00:00,6.866666666666666
Cemex--1026183679,523.0,2024-11-20 10:57:50+00:00,2024-11-20 11:03:31+00:00,5.683333333333334
Cemex--1026184151,334.0,2024-11-20 09:23:04+00:00,2024-11-20 09:26:55+00:00,3.85
Cemex--1026184276,369.0,2024-11-20 14:07:04+00:00,2024-11-20 14:12:15+00:00,5.183333333333334
Cemex--1026184661,540.0,2024-11-20 10:40:47+00:00,2024-11-20 10:47:18+00:00,6.516666666666667
Cemex--1026184912,398.0,2024-11-20 10:45:53+00:00,2024-11-20 10:47:43+00:00,1.8333333333333333
Cemex--1026184912,399.0,2024-11-20 10:48:24+00:00,2024-11-20 11:22:40+00:00,34.266666666666666
Cemex--1026185029,359.0,2024-11-20 11:07:06+00:00,2024-11-20 11:07:06+00:00,0.0
Cemex--1026185507,396.0,2024-11-20 10:22:57+00:00,2024-11-20 10:28:39+00:00,5.7
Cemex--1026185571,243.0,2024-11-20 09:42:42+00:00,2024-11-20 09:44:03+00:00,1.35
Cemex--1026185736,221.0,2024-11-20 10:45:15+00:00,2024-11-20 10:46:36+00:00,1.35
Cemex--1026185895,246.0,2024-11-20 09:55:36+00:00,2024-11-20 09:55:46+00:00,0.16666666666666666
Cemex--1026186263,363.0,2024-11-20 10:50:30+00:00,2024-11-20 10:52:21+00:00,1.85
Cemex--1026186497,260.0,2024-11-20 10:40:42+00:00,2024-11-20 10:41:02+00:00,0.3333333333333333
Cemex--1026186497,261.0,2024-11-20 10:42:22+00:00,2024-11-20 10:48:44+00:00,6.366666666666666
Cemex--1026186882,394.0,2024-11-20 12:23:57+00:00,2024-11-20 12:45:41+00:00,21.733333333333334
Cemex--1026187331,272.0,2024-11-20 11:06:11+00:00,2024-11-20 11:09:01+00:00,2.8333333333333335
Cemex--1026187355,462.0,2024-11-20 10:42:59+00:00,2024-11-20 10:42:59+00:00,0.0
Cemex--1026187607,353.0,2024-11-20 10:55:36+00:00,2024-11-20 10:56:36+00:00,1.0
Cemex--1026187856,19.0,2024-11-20 13:09:32+00:00,2024-11-20 13:13:03+00:00,3.5166666666666666
Cemex--1026188538,254.0,2024-11-20 12:18:09+00:00,2024-11-20 12:18:59+00:00,0.8333333333333334
Cemex--1026188659,56.0,2024-11-20 12:21:35+00:00,2024-11-20 12:36:18+00:00,14.716666666666667
Cemex--1026188659,57.0,2024-11-20 12:54:41+00:00,2024-11-20 12:54:41+00:00,0.0
Cemex--1026189757,512.0,2024-11-20 13:18:49+00:00,2024-11-20 13:45:44+00:00,26.916666666666668
Cemex--1026189824,603.0,2024-11-20 12:20:05+00:00,2024-11-20 12:22:15+00:00,2.1666666666666665
Cemex--1026190238,308.0,2024-11-20 13:05:03+00:00,2024-11-20 13:09:54+00:00,4.85
Cemex--1026190460,269.0,2024-11-20 12:33:36+00:00,2024-11-20 12:34:06+00:00,0.5
Cemex--1026190719,251.0,2024-11-20 12:32:16+00:00,2024-11-20 12:35:56+00:00,3.6666666666666665
Cemex--1026190758,39.0,2024-11-20 14:41:15+00:00,2024-11-20 14:47:56+00:00,6.683333333333334
Cemex--1026190921,449.0,2024-11-20 12:57:48+00:00,2024-11-20 12:59:49+00:00,2.0166666666666666
Cemex--1026191468,491.0,2024-11-20 13:40:57+00:00,2024-11-20 13:40:57+00:00,0.0
Cemex--1026192035,409.0,2024-11-20 13:55:25+00:00,2024-11-20 13:55:25+00:00,0.0
Cemex--1026192865,288.0,2024-11-20 14:20:45+00:00,2024-11-20 15:53:30+00:00,92.75
Cemex--1026193368,527.0,2024-11-20 14:21:15+00:00,2024-11-20 14:41:08+00:00,19.883333333333333
Cemex--1026193368,528.0,2024-11-20 14:47:30+00:00,2024-11-20 14:49:40+00:00,2.1666666666666665
Cemex--1026193368,529.0,2024-11-20 14:54:38+00:00,2024-11-20 15:00:46+00:00,6.133333333333334
Cemex--1026193368,530.0,2024-11-20 15:09:24+00:00,2024-11-20 16:09:15+00:00,59.85
Cemex--1026193368,531.0,2024-11-20 18:43:31+00:00,2024-11-20 19:43:22+00:00,59.85
Cemex--1026193368,532.0,2024-11-21 07:29:43+00:00,2024-11-21 07:34:24+00:00,4.683333333333334
Cemex--1026193452,291.0,2024-11-20 15:19:47+00:00,2024-11-20 15:28:09+00:00,8.366666666666667
Cemex--1026193896,351.0,2024-11-20 15:13:12+00:00,2024-11-20 15:19:53+00:00,6.683333333333334
Cemex--1026194584,495.0,2024-11-20 15:34:10+00:00,2024-11-20 15:34:30+00:00,0.3333333333333333
Cemex--1026194698,58.0,2024-11-20 16:25:32+00:00,2024-11-20 16:41:05+00:00,15.55
Cemex--1026194698,59.0,2024-11-20 16:44:15+00:00,2024-11-20 17:03:39+00:00,19.4
Cemex--1026194698,60.0,2024-11-20 17:11:41+00:00,2024-11-20 17:24:53+00:00,13.2
Cemex--1026194826,230.0,2024-11-20 15:26:32+00:00,2024-11-20 15:29:52+00:00,3.3333333333333335
Cemex--1026195572,285.0,2024-11-20 17:08:09+00:00,2024-11-20 17:09:49+00:00,1.6666666666666667
Cemex--1026199097,202.0,2024-11-21 11:06:02+00:00,2024-11-21 12:05:54+00:00,59.86666666666667
Cemex--1026199772,395.0,2024-11-21 07:26:31+00:00,2024-11-21 07:28:41+00:00,2.1666666666666665
Cemex--1026200323,513.0,2024-11-21 07:49:44+00:00,2024-11-21 07:53:14+00:00,3.5
Cemex--1026200487,330.0,2024-11-21 07:51:01+00:00,2024-11-21 07:54:21+00:00,3.3333333333333335
Cemex--1026200487,331.0,2024-11-21 08:17:46+00:00,2024-11-21 08:18:16+00:00,0.5
Cemex--1026200487,332.0,2024-11-21 08:20:37+00:00,2024-11-21 09:20:28+00:00,59.85
Cemex--1026201201,471.0,2024-11-21 09:57:25+00:00,2024-11-21 10:05:26+00:00,8.016666666666667
Cemex--1026202104,237.0,2024-11-21 10:28:57+00:00,2024-11-21 11:28:49+00:00,59.86666666666667
Cemex--1026202324,203.0,2024-11-21 09:59:10+00:00,2024-11-21 10:04:41+00:00,5.516666666666667
Cemex--1026202712,475.0,2024-11-21 08:54:21+00:00,2024-11-21 08:55:41+00:00,1.3333333333333333
Cemex--1026202853,421.0,2024-11-21 08:41:42+00:00,2024-11-21 08:42:12+00:00,0.5
Cemex--1026203278,337.0,2024-11-21 08:57:42+00:00,2024-11-21 09:01:53+00:00,4.183333333333334
Cemex--1026204018,435.0,2024-11-21 09:39:45+00:00,2024-11-21 09:46:46+00:00,7.016666666666667
Cemex--1026204198,222.0,2024-11-21 10:32:31+00:00,2024-11-21 10:32:31+00:00,0.0
Cemex--1026204198,223.0,2024-11-21 10:50:45+00:00,2024-11-21 10:59:46+00:00,9.016666666666667
Cemex--1026204198,224.0,2024-11-21 12:55:48+00:00,2024-11-21 13:55:30+00:00,59.7
Cemex--1026204198,225.0,2024-11-22 07:35:53+00:00,2024-11-22 07:35:53+00:00,0.0
Cemex--1026204660,477.0,2024-11-21 09:58:49+00:00,2024-11-21 10:00:29+00:00,1.6666666666666667
Cemex--1026204660,478.0,2024-11-21 10:01:00+00:00,2024-11-21 10:03:50+00:00,2.8333333333333335
Cemex--1026204660,479.0,2024-11-21 10:08:01+00:00,2024-11-21 10:08:01+00:00,0.0
Cemex--1026204973,314.0,2024-11-21 10:19:31+00:00,2024-11-21 10:22:52+00:00,3.35
Cemex--1026205071,376.0,2024-11-21 10:42:08+00:00,2024-11-21 10:42:18+00:00,0.16666666666666666
Cemex--1026206089,199.0,2024-11-21 10:19:02+00:00,2024-11-21 10:20:53+00:00,1.85
Cemex--1026206729,210.0,2024-11-21 11:07:13+00:00,2024-11-21 12:07:05+00:00,59.86666666666667
Cemex--1026206729,211.0,2024-11-21 13:58:04+00:00,2024-11-21 14:03:55+00:00,5.85
Cemex--1026206729,212.0,2024-11-21 14:07:06+00:00,2024-11-21 14:23:28+00:00,16.366666666666667
Cemex--1026206729,213.0,2024-11-21 14:23:48+00:00,2024-11-21 14:28:09+00:00,4.35
Cemex--1026206729,214.0,2024-11-21 14:28:29+00:00,2024-11-21 14:28:59+00:00,0.5
Cemex--1026206729,215.0,2024-11-21 14:29:39+00:00,2024-11-21 14:38:01+00:00,8.366666666666667
Cemex--1026206729,216.0,2024-11-21 15:54:05+00:00,2024-11-21 15:58:06+00:00,4.016666666666667
Cemex--1026206933,20.0,2024-11-21 12:10:40+00:00,2024-11-21 12:33:24+00:00,22.733333333333334
Cemex--1026207306,458.0,2024-11-21 10:58:57+00:00,2024-11-21 11:13:29+00:00,14.533333333333333
Cemex--1026207854,496.0,2024-11-21 12:51:06+00:00,2024-11-21 12:51:06+00:00,0.0
Cemex--1026207891,514.0,2024-11-21 12:25:27+00:00,2024-11-21 12:28:58+00:00,3.5166666666666666
Cemex--1026208081,226.0,2024-11-21 12:35:22+00:00,2024-11-21 12:40:13+00:00,4.85
Cemex--1026208439,273.0,2024-11-21 12:15:36+00:00,2024-11-21 12:19:57+00:00,4.35
Cemex--1026208817,439.0,2024-11-21 12:26:50+00:00,2024-11-21 12:32:31+00:00,5.683333333333334
Cemex--1026208861,262.0,2024-11-21 14:04:44+00:00,2024-11-21 14:04:54+00:00,0.16666666666666666
Cemex--1026208861,263.0,2024-11-21 14:05:55+00:00,2024-11-21 14:16:17+00:00,10.366666666666667
Cemex--1026209211,244.0,2024-11-21 14:53:50+00:00,2024-11-21 15:53:42+00:00,59.86666666666667
Cemex--1026209598,493.0,2024-11-21 14:34:31+00:00,2024-11-21 15:34:22+00:00,59.85
Cemex--1026210343,501.0,2024-11-21 14:39:35+00:00,2024-11-21 14:39:45+00:00,0.16666666666666666
Cemex--1026210343,502.0,2024-11-21 14:42:16+00:00,2024-11-21 15:42:08+00:00,59.86666666666667
Cemex--1026210444,252.0,2024-11-21 12:59:03+00:00,2024-11-21 13:00:14+00:00,1.1833333333333333
Cemex--1026210859,365.0,2024-11-21 13:54:38+00:00,2024-11-21 13:54:38+00:00,0.0
Cemex--1026210898,443.0,2024-11-21 14:31:05+00:00,2024-11-21 14:38:06+00:00,7.016666666666667
Cemex--1026210898,444.0,2024-11-21 15:19:31+00:00,2024-11-21 15:27:12+00:00,7.683333333333334
Cemex--1026210898,445.0,2024-11-21 15:33:19+00:00,2024-11-21 15:45:29+00:00,12.166666666666666
Cemex--1026210898,446.0,2024-11-21 15:47:11+00:00,2024-11-21 16:04:15+00:00,17.066666666666666
Cemex--1026210901,411.0,2024-11-21 13:25:37+00:00,2024-11-21 13:25:37+00:00,0.0
Cemex--1026211407,515.0,2024-11-21 15:46:15+00:00,2024-11-21 15:54:26+00:00,8.183333333333334
Cemex--1026211407,516.0,2024-11-21 16:12:10+00:00,2024-11-21 17:12:01+00:00,59.85
Cemex--1026211642,338.0,2024-11-21 15:15:40+00:00,2024-11-21 16:15:21+00:00,59.68333333333333
Cemex--1026212204,489.0,2024-11-21 18:07:48+00:00,2024-11-21 19:07:08+00:00,59.333333333333336
Cemex--1026212318,400.0,2024-11-21 14:06:25+00:00,2024-11-21 14:10:36+00:00,4.183333333333334
Cemex--1026212483,295.0,2024-11-21 15:38:21+00:00,2024-11-21 15:38:41+00:00,0.3333333333333333
Cemex--1026212502,480.0,2024-11-21 14:43:43+00:00,2024-11-21 14:43:53+00:00,0.16666666666666666
Cemex--1026212502,481.0,2024-11-21 15:35:03+00:00,2024-11-21 15:41:04+00:00,6.016666666666667
Cemex--1026212875,22.0,2024-11-21 14:42:00+00:00,2024-11-21 14:42:10+00:00,0.16666666666666666
Cemex--1026213308,61.0,2024-11-21 16:12:30+00:00,2024-11-21 16:40:15+00:00,27.75
Cemex--1026213308,62.0,2024-11-21 16:43:25+00:00,2024-11-21 16:44:26+00:00,1.0166666666666666
Cemex--1026213308,63.0,2024-11-21 17:05:00+00:00,2024-11-21 17:09:01+00:00,4.016666666666667
Cemex--1026213372,524.0,2024-11-21 15:15:04+00:00,2024-11-21 15:15:55+00:00,0.85
Cemex--1026213497,352.0,2024-11-21 16:49:59+00:00,2024-11-21 17:00:41+00:00,10.7
Cemex--1026213772,482.0,2024-11-21 16:24:42+00:00,2024-11-21 16:37:55+00:00,13.216666666666667
Cemex--1026218459,289.0,2024-11-22 08:01:15+00:00,2024-11-22 08:09:17+00:00,8.033333333333333
Cemex--1026218610,255.0,2024-11-22 07:38:53+00:00,2024-11-22 07:44:04+00:00,5.183333333333334
Cemex--1026218610,256.0,2024-11-22 08:58:48+00:00,2024-11-22 09:25:33+00:00,26.75
Cemex--1026218972,541.0,2024-11-22 08:14:56+00:00,2024-11-22 08:22:17+00:00,7.35
Cemex--1026219080,436.0,2024-11-22 07:58:17+00:00,2024-11-22 08:03:18+00:00,5.016666666666667
Cemex--1026219206,360.0,2024-11-22 09:43:00+00:00,2024-11-22 09:48:01+00:00,5.016666666666667
Cemex--1026219581,294.0,2024-11-22 08:13:09+00:00,2024-11-22 08:14:40+00:00,1.5166666666666666
Cemex--1026219635,468.0,2024-11-22 08:33:19+00:00,2024-11-22 08:35:29+00:00,2.1666666666666665
Cemex--1026219768,375.0,2024-11-22 08:56:12+00:00,2024-11-22 09:00:53+00:00,4.683333333333334
Cemex--1026220119,425.0,2024-11-22 08:01:01+00:00,2024-11-22 08:02:41+00:00,1.6666666666666667
Cemex--1026221122,196.0,2024-11-22 10:46:42+00:00,2024-11-22 11:28:09+00:00,41.45
Cemex--1026221122,197.0,2024-11-22 11:29:19+00:00,2024-11-22 11:34:00+00:00,4.683333333333334
Cemex--1026221263,364.0,2024-11-22 09:36:09+00:00,2024-11-22 09:36:09+00:00,0.0
Cemex--1026221521,503.0,2024-11-22 10:14:23+00:00,2024-11-22 10:20:24+00:00,6.016666666666667
Cemex--1026221521,504.0,2024-11-22 11:24:26+00:00,2024-11-22 12:24:17+00:00,59.85
Cemex--1026221534,408.0,2024-11-22 11:32:47+00:00,2024-11-22 12:32:39+00:00,59.86666666666667
Cemex--1026221960,84.0,2024-11-22 09:35:16+00:00,2024-11-22 09:35:16+00:00,0.0
Cemex--1026221960,85.0,2024-11-22 09:38:06+00:00,2024-11-22 09:41:27+00:00,3.35
Cemex--1026221960,86.0,2024-11-22 09:41:57+00:00,2024-11-22 09:47:38+00:00,5.683333333333334
Cemex--1026221960,87.0,2024-11-22 09:48:58+00:00,2024-11-22 09:52:49+00:00,3.85
Cemex--1026222452,200.0,2024-11-22 09:11:22+00:00,2024-11-22 09:13:53+00:00,2.5166666666666666
Cemex--1026222452,201.0,2024-11-22 11:12:16+00:00,2024-11-22 11:19:37+00:00,7.35
Cemex--1026222547,412.0,2024-11-22 09:42:46+00:00,2024-11-22 09:44:26+00:00,1.6666666666666667
Cemex--1026223084,239.0,2024-11-22 09:25:20+00:00,2024-11-22 09:25:20+00:00,0.0
Cemex--1026223319,64.0,2024-11-22 09:57:35+00:00,2024-11-22 09:58:35+00:00,1.0
Cemex--1026223319,65.0,2024-11-22 10:10:28+00:00,2024-11-22 10:13:48+00:00,3.3333333333333335
Cemex--1026223319,66.0,2024-11-22 10:16:19+00:00,2024-11-22 10:23:50+00:00,7.516666666666667
Cemex--1026223319,67.0,2024-11-22 10:26:01+00:00,2024-11-22 10:33:12+00:00,7.183333333333334
Cemex--1026223319,68.0,2024-11-22 10:34:32+00:00,2024-11-22 10:40:53+00:00,6.35
Cemex--1026223319,69.0,2024-11-22 10:44:14+00:00,2024-11-22 10:48:45+00:00,4.516666666666667
Cemex--1026223814,204.0,2024-11-22 09:42:15+00:00,2024-11-22 09:42:45+00:00,0.5
Cemex--1026223848,317.0,2024-11-22 10:28:39+00:00,2024-11-22 10:29:40+00:00,1.0166666666666666
Cemex--1026223848,318.0,2024-11-22 10:50:43+00:00,2024-11-22 11:11:07+00:00,20.4
Cemex--1026223969,341.0,2024-11-22 09:46:35+00:00,2024-11-22 09:49:05+00:00,2.5
Cemex--1026223976,483.0,2024-11-22 10:35:30+00:00,2024-11-22 10:35:40+00:00,0.16666666666666666
Cemex--1026224693,240.0,2024-11-22 10:06:38+00:00,2024-11-22 10:07:58+00:00,1.3333333333333333
Cemex--1026225263,305.0,2024-11-22 10:43:24+00:00,2024-11-22 10:44:04+00:00,0.6666666666666666
Cemex--1026225390,270.0,2024-11-22 10:58:42+00:00,2024-11-22 11:02:23+00:00,3.683333333333333
Cemex--1026225627,267.0,2024-11-22 10:38:27+00:00,2024-11-22 10:38:27+00:00,0.0
Cemex--1026225668,333.0,2024-11-22 10:54:33+00:00,2024-11-22 11:00:24+00:00,5.85
Cemex--1026225682,383.0,2024-11-22 12:04:13+00:00,2024-11-22 12:06:44+00:00,2.5166666666666666
Cemex--1026225682,384.0,2024-11-22 13:38:12+00:00,2024-11-22 14:38:03+00:00,59.85
Cemex--1026226054,517.0,2024-11-22 11:32:48+00:00,2024-11-22 11:36:29+00:00,3.683333333333333
Cemex--1026226073,339.0,2024-11-22 10:54:53+00:00,2024-11-22 10:55:03+00:00,0.16666666666666666
Cemex--1026226200,207.0,2024-11-22 12:21:53+00:00,2024-11-22 12:30:35+00:00,8.7
Cemex--1026226732,405.0,2024-11-22 13:48:01+00:00,2024-11-22 13:48:31+00:00,0.5
Cemex--1026227403,319.0,2024-11-22 12:15:50+00:00,2024-11-22 12:16:30+00:00,0.6666666666666666
Cemex--1026227447,484.0,2024-11-22 12:14:09+00:00,2024-11-22 12:14:29+00:00,0.3333333333333333
Cemex--1026227965,469.0,2024-11-22 13:57:12+00:00,2024-11-22 14:02:33+00:00,5.35
Cemex--1026228218,410.0,2024-11-22 12:44:00+00:00,2024-11-22 12:44:30+00:00,0.5
Cemex--1026228555,311.0,2024-11-22 14:52:31+00:00,2024-11-22 14:57:32+00:00,5.016666666666667
Cemex--1026228555,312.0,2024-11-22 14:57:52+00:00,2024-11-22 15:01:03+00:00,3.183333333333333
Cemex--1026228862,403.0,2024-11-22 13:32:29+00:00,2024-11-22 13:32:29+00:00,0.0
Cemex--1026228862,404.0,2024-11-22 14:04:55+00:00,2024-11-22 14:55:55+00:00,51.0
Cemex--1026228932,315.0,2024-11-22 14:03:35+00:00,2024-11-22 14:08:46+00:00,5.183333333333334
Cemex--1026228932,316.0,2024-11-22 14:23:09+00:00,2024-11-22 14:51:04+00:00,27.916666666666668
Cemex--1026229044,505.0,2024-11-22 12:17:38+00:00,2024-11-22 12:52:53+00:00,35.25
Cemex--1026229044,506.0,2024-11-23 08:31:23+00:00,2024-11-23 09:31:15+00:00,59.86666666666667
Cemex--1026229044,507.0,2024-11-23 11:25:51+00:00,2024-11-23 12:25:43+00:00,59.86666666666667
Cemex--1026229044,508.0,2024-11-25 06:49:50+00:00,2024-11-25 06:54:51+00:00,5.016666666666667
Cemex--1026229350,520.0,2024-11-22 13:05:30+00:00,2024-11-22 13:08:30+00:00,3.0
Cemex--1026229467,525.0,2024-11-22 13:46:18+00:00,2024-11-22 13:48:19+00:00,2.0166666666666666
Cemex--1026229567,379.0,2024-11-22 12:39:05+00:00,2024-11-22 12:40:16+00:00,1.1833333333333333
Cemex--1026229799,397.0,2024-11-22 12:48:54+00:00,2024-11-22 12:50:45+00:00,1.85
Cemex--1026229953,219.0,2024-11-22 13:23:30+00:00,2024-11-22 13:29:41+00:00,6.183333333333334
Cemex--1026229971,416.0,2024-11-22 13:30:39+00:00,2024-11-22 13:49:12+00:00,18.55
Cemex--1026229971,417.0,2024-11-22 13:54:03+00:00,2024-11-22 14:18:18+00:00,24.25
Cemex--1026229984,366.0,2024-11-22 13:55:30+00:00,2024-11-22 13:57:40+00:00,2.1666666666666665
Cemex--1026229984,367.0,2024-11-22 13:58:50+00:00,2024-11-22 14:10:52+00:00,12.033333333333333
Cemex--1026230236,448.0,2024-11-22 13:28:14+00:00,2024-11-22 13:31:14+00:00,3.0
Cemex--1026230253,428.0,2024-11-22 13:29:57+00:00,2024-11-22 13:34:48+00:00,4.85
Cemex--1026230253,429.0,2024-11-22 13:35:28+00:00,2024-11-22 13:37:19+00:00,1.85
Cemex--1026230360,209.0,2024-11-22 13:58:14+00:00,2024-11-22 14:01:15+00:00,3.0166666666666666
Cemex--1026230382,217.0,2024-11-22 14:01:02+00:00,2024-11-22 14:06:43+00:00,5.683333333333334
Cemex--1026230406,302.0,2024-11-22 13:48:29+00:00,2024-11-22 13:53:09+00:00,4.666666666666667
Cemex--1026230462,459.0,2024-11-22 15:13:41+00:00,2024-11-22 15:13:41+00:00,0.0
Cemex--1026230479,70.0,2024-11-22 14:13:25+00:00,2024-11-22 14:32:08+00:00,18.716666666666665
Cemex--1026230479,71.0,2024-11-22 14:44:10+00:00,2024-11-22 14:53:12+00:00,9.033333333333333
Cemex--1026230479,72.0,2024-11-22 14:54:12+00:00,2024-11-22 15:14:16+00:00,20.066666666666666
Cemex--1026230479,73.0,2024-11-22 15:17:57+00:00,2024-11-22 15:36:21+00:00,18.4
Cemex--1026230881,372.0,2024-11-22 14:56:35+00:00,2024-11-22 15:03:27+00:00,6.866666666666666
Cemex--1026231001,533.0,2024-11-22 14:29:46+00:00,2024-11-22 14:31:26+00:00,1.6666666666666667
Cemex--1026231160,274.0,2024-11-22 14:28:09+00:00,2024-11-22 14:33:11+00:00,5.033333333333333
Cemex--1026231294,253.0,2024-11-22 14:47:43+00:00,2024-11-22 14:59:35+00:00,11.866666666666667
Cemex--1026231386,284.0,2024-11-22 14:16:33+00:00,2024-11-22 14:17:53+00:00,1.3333333333333333
Cemex--1026231390,510.0,2024-11-25 07:11:22+00:00,2024-11-25 08:11:13+00:00,59.85
Cemex--1026231390,511.0,2024-11-25 09:22:25+00:00,2024-11-25 09:22:45+00:00,0.3333333333333333
Cemex--1026231472,500.0,2024-11-22 15:46:10+00:00,2024-11-22 15:54:01+00:00,7.85
Cemex--1026231805,286.0,2024-11-22 15:22:23+00:00,2024-11-22 15:25:14+00:00,2.85
Cemex--1026231805,287.0,2024-11-22 15:52:28+00:00,2024-11-22 15:52:49+00:00,0.35
Cemex--1026231831,343.0,2024-11-22 14:31:48+00:00,2024-11-22 14:36:49+00:00,5.016666666666667
Cemex--1026231871,422.0,2024-11-22 14:19:25+00:00,2024-11-22 14:20:35+00:00,1.1666666666666667
Cemex--1026231954,238.0,2024-11-22 18:01:36+00:00,2024-11-22 19:01:07+00:00,59.516666666666666
Cemex--1026232018,382.0,2024-11-22 14:33:49+00:00,2024-11-22 14:34:00+00:00,0.18333333333333332
Cemex--1026232054,406.0,2024-11-23 11:57:40+00:00,2024-11-23 11:59:00+00:00,1.3333333333333333
Cemex--1026232054,407.0,2024-11-23 12:08:12+00:00,2024-11-23 13:07:53+00:00,59.68333333333333
Cemex--1026232069,466.0,2024-11-22 15:37:47+00:00,2024-11-22 15:43:08+00:00,5.35
Cemex--1026232515,534.0,2024-11-22 16:26:18+00:00,2024-11-22 16:51:03+00:00,24.75
Cemex--1026232583,228.0,2024-11-22 16:34:31+00:00,2024-11-22 16:42:23+00:00,7.866666666666666
Cemex--1026232583,229.0,2024-11-22 16:44:03+00:00,2024-11-22 16:51:24+00:00,7.35
Cemex--1026232970,440.0,2024-11-22 20:38:41+00:00,2024-11-22 20:41:22+00:00,2.683333333333333
Cemex--1026232970,441.0,2024-11-22 21:35:21+00:00,2024-11-22 21:35:21+00:00,0.0
Cemex--1026233325,257.0,2024-11-23 07:41:16+00:00,2024-11-23 08:02:00+00:00,20.733333333333334
Cemex--1026234907,297.0,2024-11-23 16:54:30+00:00,2024-11-23 16:54:50+00:00,0.3333333333333333
Cemex--1026238447,205.0,2024-11-25 08:42:49+00:00,2024-11-25 08:43:09+00:00,0.3333333333333333
Cemex--1026238447,206.0,2024-11-25 08:43:39+00:00,2024-11-25 08:45:39+00:00,2.0
Cemex--1026238491,450.0,2024-11-25 08:09:29+00:00,2024-11-25 08:09:29+00:00,0.0
Cemex--1026238491,451.0,2024-11-25 08:09:39+00:00,2024-11-25 08:09:39+00:00,0.0
Cemex--1026238491,452.0,2024-11-25 08:09:49+00:00,2024-11-25 08:09:49+00:00,0.0
Cemex--1026238491,453.0,2024-11-25 08:09:59+00:00,2024-11-25 08:09:59+00:00,0.0
Cemex--1026238491,454.0,2024-11-25 08:10:09+00:00,2024-11-25 08:10:09+00:00,0.0
Cemex--1026238491,455.0,2024-11-25 08:10:19+00:00,2024-11-25 08:10:19+00:00,0.0
Cemex--1026238491,456.0,2024-11-25 08:10:29+00:00,2024-11-25 08:10:29+00:00,0.0
Cemex--1026238491,457.0,2024-11-25 08:10:39+00:00,2024-11-25 08:10:39+00:00,0.0
Cemex--1026239030,2.0,2024-11-25 07:38:22+00:00,2024-11-25 07:41:33+00:00,3.183333333333333
Cemex--1026239067,377.0,2024-11-25 07:37:45+00:00,2024-11-25 07:38:35+00:00,0.8333333333333334
Cemex--1026239092,298.0,2024-11-25 08:56:52+00:00,2024-11-25 09:06:54+00:00,10.033333333333333
Cemex--1026239092,299.0,2024-11-25 09:34:29+00:00,2024-11-25 09:42:10+00:00,7.683333333333334
Cemex--1026239092,300.0,2024-11-25 09:43:21+00:00,2024-11-25 10:11:46+00:00,28.416666666666668
Cemex--1026239217,485.0,2024-11-25 08:54:15+00:00,2024-11-25 08:54:25+00:00,0.16666666666666666
Cemex--1026239217,486.0,2024-11-25 08:57:25+00:00,2024-11-25 08:58:25+00:00,1.0
Cemex--1026239217,487.0,2024-11-25 08:59:36+00:00,2024-11-25 09:01:06+00:00,1.5
Cemex--1026239709,306.0,2024-11-25 09:41:27+00:00,2024-11-25 10:23:15+00:00,41.8
Cemex--1026239709,307.0,2024-11-25 11:00:52+00:00,2024-11-25 11:23:06+00:00,22.233333333333334
Cemex--1026240116,519.0,2024-11-25 09:04:37+00:00,2024-11-25 09:05:38+00:00,1.0166666666666666
Cemex--1026240131,463.0,2024-11-25 08:28:31+00:00,2024-11-25 08:29:31+00:00,1.0
Cemex--1026240712,357.0,2024-11-25 09:00:41+00:00,2024-11-25 09:05:52+00:00,5.183333333333334
Cemex--1026240792,432.0,2024-11-25 09:54:43+00:00,2024-11-25 10:05:35+00:00,10.866666666666667
Cemex--1026240792,433.0,2024-11-25 10:21:28+00:00,2024-11-25 10:33:10+00:00,11.7
Cemex--1026240792,434.0,2024-11-25 10:48:13+00:00,2024-11-25 11:48:05+00:00,59.86666666666667
Cemex--1026241007,601.0,2024-11-25 09:34:21+00:00,2024-11-25 09:39:53+00:00,5.533333333333333
Cemex--1026241326,492.0,2024-11-25 08:47:33+00:00,2024-11-25 08:48:43+00:00,1.1666666666666667
Cemex--1026241390,336.0,2024-11-25 09:49:32+00:00,2024-11-25 09:50:12+00:00,0.6666666666666666
Cemex--1026241459,470.0,2024-11-25 09:00:55+00:00,2024-11-25 09:01:55+00:00,1.0
Cemex--1026241992,362.0,2024-11-25 09:08:54+00:00,2024-11-25 09:08:54+00:00,0.0
Cemex--1026242347,249.0,2024-11-25 09:29:28+00:00,2024-11-25 09:35:49+00:00,6.35
Cemex--1026242347,250.0,2024-11-25 10:05:25+00:00,2024-11-25 10:11:16+00:00,5.85
Cemex--1026242395,418.0,2024-11-25 09:18:03+00:00,2024-11-25 09:18:43+00:00,0.6666666666666666
Cemex--1026242862,413.0,2024-11-25 10:35:32+00:00,2024-11-25 10:36:22+00:00,0.8333333333333334
Cemex--1026242951,526.0,2024-11-25 09:53:34+00:00,2024-11-25 09:54:54+00:00,1.3333333333333333
Cemex--1026243080,280.0,2024-11-25 10:29:48+00:00,2024-11-25 10:32:58+00:00,3.1666666666666665
Cemex--1026243080,281.0,2024-11-25 10:34:39+00:00,2024-11-25 10:40:30+00:00,5.85
Cemex--1026243101,248.0,2024-11-25 09:38:14+00:00,2024-11-25 09:38:14+00:00,0.0
Cemex--1026243798,241.0,2024-11-25 10:00:10+00:00,2024-11-25 10:00:50+00:00,0.6666666666666666
Cemex--1026244089,278.0,2024-11-25 10:06:38+00:00,2024-11-25 10:07:18+00:00,0.6666666666666666
Cemex--1026244599,282.0,2024-11-25 10:37:47+00:00,2024-11-25 10:42:08+00:00,4.35
Cemex--1026244608,419.0,2024-11-25 11:27:38+00:00,2024-11-25 11:31:39+00:00,4.016666666666667
Cemex--1026244752,488.0,2024-11-25 10:29:02+00:00,2024-11-25 10:29:12+00:00,0.16666666666666666
Cemex--1026244879,74.0,2024-11-25 10:46:59+00:00,2024-11-25 10:46:59+00:00,0.0
Cemex--1026245464,16.0,2024-11-25 10:53:21+00:00,2024-11-25 10:53:51+00:00,0.5
Cemex--1026245755,227.0,2024-11-25 11:07:07+00:00,2024-11-25 11:07:47+00:00,0.6666666666666666
Cemex--1026245965,354.0,2024-11-25 11:37:02+00:00,2024-11-25 11:37:52+00:00,0.8333333333333334
Cemex--1026245994,275.0,2024-11-25 11:33:36+00:00,2024-11-25 11:37:27+00:00,3.85
Cemex--1026246262,301.0,2024-11-25 13:55:09+00:00,2024-11-25 13:59:10+00:00,4.016666666666667
Cemex--1026246295,268.0,2024-11-25 11:29:33+00:00,2024-11-25 11:32:13+00:00,2.6666666666666665
Cemex--1026246404,292.0,2024-11-25 13:34:51+00:00,2024-11-25 13:37:32+00:00,2.683333333333333
Cemex--1026246546,518.0,2024-11-25 11:36:41+00:00,2024-11-25 11:36:41+00:00,0.0
Cemex--1026246593,290.0,2024-11-25 12:22:00+00:00,2024-11-25 12:22:40+00:00,0.6666666666666666
Cemex--1026246720,303.0,2024-11-25 12:07:03+00:00,2024-11-25 12:13:14+00:00,6.183333333333334
Cemex--1026246772,242.0,2024-11-25 11:44:39+00:00,2024-11-25 11:45:10+00:00,0.5166666666666667
Cemex--1026246966,370.0,2024-11-25 12:05:13+00:00,2024-11-25 12:09:54+00:00,4.683333333333334
Cemex--1026248610,40.0,2024-11-25 13:39:53+00:00,2024-11-25 13:56:46+00:00,16.883333333333333
Cemex--1026248610,41.0,2024-11-25 14:01:47+00:00,2024-11-25 14:08:48+00:00,7.016666666666667
Cemex--1026248610,42.0,2024-11-25 14:11:49+00:00,2024-11-25 14:19:00+00:00,7.183333333333334
Cemex--1026248610,43.0,2024-11-25 14:21:40+00:00,2024-11-25 14:28:41+00:00,7.016666666666667
Cemex--1026248610,44.0,2024-11-25 14:30:11+00:00,2024-11-25 14:32:51+00:00,2.6666666666666665
Cemex--1026248656,322.0,2024-11-25 15:40:28+00:00,2024-11-25 15:47:29+00:00,7.016666666666667
Cemex--1026248656,323.0,2024-11-25 16:07:13+00:00,2024-11-25 16:07:23+00:00,0.16666666666666666
Cemex--1026248656,324.0,2024-11-25 16:10:13+00:00,2024-11-25 16:11:43+00:00,1.5
Cemex--1026248656,325.0,2024-11-25 16:12:03+00:00,2024-11-25 16:12:13+00:00,0.16666666666666666
Cemex--1026248656,326.0,2024-11-25 16:15:24+00:00,2024-11-25 16:17:24+00:00,2.0
Cemex--1026248656,327.0,2024-11-25 16:43:39+00:00,2024-11-25 17:29:58+00:00,46.31666666666667
Cemex--1026248656,328.0,2024-11-25 17:59:34+00:00,2024-11-25 18:02:44+00:00,3.1666666666666665
Cemex--1026248656,329.0,2024-11-25 18:03:04+00:00,2024-11-25 18:03:45+00:00,0.6833333333333333
Cemex--1026248819,464.0,2024-11-25 13:04:43+00:00,2024-11-25 13:11:44+00:00,7.016666666666667
Cemex--1026248959,476.0,2024-11-25 13:42:05+00:00,2024-11-25 13:42:15+00:00,0.16666666666666666
Cemex--1026249532,373.0,2024-11-25 13:50:29+00:00,2024-11-25 13:50:39+00:00,0.16666666666666666
Cemex--1026249532,374.0,2024-11-25 13:51:39+00:00,2024-11-25 13:52:09+00:00,0.5
Cemex--1026249687,23.0,2024-11-25 13:16:37+00:00,2024-11-25 13:16:57+00:00,0.3333333333333333
Cemex--1026250161,75.0,2024-11-25 14:34:11+00:00,2024-11-25 14:39:22+00:00,5.183333333333334
Cemex--1026250161,76.0,2024-11-25 14:41:12+00:00,2024-11-25 14:58:56+00:00,17.733333333333334
Cemex--1026250161,77.0,2024-11-25 15:00:26+00:00,2024-11-25 15:22:51+00:00,22.416666666666668
Cemex--1026250161,78.0,2024-11-25 15:24:41+00:00,2024-11-25 15:39:14+00:00,14.55
Cemex--1026250161,79.0,2024-11-25 15:47:26+00:00,2024-11-25 15:57:28+00:00,10.033333333333333
Cemex--1026250428,442.0,2024-11-25 13:46:14+00:00,2024-11-25 13:46:14+00:00,0.0
Cemex--1026250740,437.0,2024-11-25 13:50:11+00:00,2024-11-25 13:50:31+00:00,0.3333333333333333
Cemex--1026250856,535.0,2024-11-25 14:41:07+00:00,2024-11-25 14:41:07+00:00,0.0
Cemex--1026250937,358.0,2024-11-25 14:06:20+00:00,2024-11-25 14:07:10+00:00,0.8333333333333334
Cemex--1026251052,293.0,2024-11-25 16:02:50+00:00,2024-11-25 16:04:41+00:00,1.85
Cemex--1026251175,304.0,2024-11-25 14:23:49+00:00,2024-11-25 14:23:59+00:00,0.16666666666666666
Cemex--1026251384,401.0,2024-11-25 14:38:18+00:00,2024-11-25 14:38:48+00:00,0.5
Cemex--1026251445,247.0,2024-11-25 14:48:24+00:00,2024-11-25 14:53:05+00:00,4.683333333333334
Cemex--1026251528,542.0,2024-11-25 16:46:24+00:00,2024-11-25 16:51:25+00:00,5.016666666666667
Cemex--1026251694,279.0,2024-11-25 16:58:08+00:00,2024-11-25 17:01:19+00:00,3.183333333333333
Cemex--1026252453,45.0,2024-11-25 16:37:05+00:00,2024-11-25 16:44:27+00:00,7.366666666666666
Cemex--1026252453,46.0,2024-11-25 16:48:07+00:00,2024-11-25 16:55:49+00:00,7.7
Cemex--1026252453,47.0,2024-11-25 17:09:51+00:00,2024-11-25 17:22:44+00:00,12.883333333333333
Cemex--1026252861,3.0,2024-11-25 20:16:27+00:00,2024-11-25 20:36:31+00:00,20.066666666666666
Cemex--1026252861,4.0,2024-11-25 20:38:32+00:00,2024-11-25 20:56:45+00:00,18.216666666666665
Cemex--1026252861,5.0,2024-11-25 21:38:44+00:00,2024-11-25 21:43:45+00:00,5.016666666666667
Cemex--1026252861,6.0,2024-11-25 21:47:06+00:00,2024-11-25 22:46:57+00:00,59.85
Cemex--1026252861,7.0,2024-11-26 07:24:56+00:00,2024-11-26 08:24:37+00:00,59.68333333333333
Cemex--1026252861,8.0,2024-11-26 09:34:07+00:00,2024-11-26 09:34:37+00:00,0.5
Cemex--1026252861,9.0,2024-11-26 09:51:50+00:00,2024-11-26 10:03:52+00:00,12.033333333333333
Cemex--1026252861,10.0,2024-11-26 10:06:33+00:00,2024-11-26 10:24:06+00:00,17.55
Cemex--1026252861,11.0,2024-11-26 10:24:37+00:00,2024-11-26 10:26:17+00:00,1.6666666666666667
Cemex--1026252861,12.0,2024-11-26 10:29:58+00:00,2024-11-26 10:39:29+00:00,9.516666666666667
Cemex--1026252861,13.0,2024-11-26 10:40:40+00:00,2024-11-26 10:44:00+00:00,3.3333333333333335
Cemex--1026252861,14.0,2024-11-26 10:44:50+00:00,2024-11-26 10:59:53+00:00,15.05
Cemex--1026252861,15.0,2024-11-26 11:27:59+00:00,2024-11-26 11:33:00+00:00,5.016666666666667
Cemex--1026253775,371.0,2024-11-25 23:31:59+00:00,2024-11-25 23:36:50+00:00,4.85
Cemex--1026253882,320.0,2024-11-26 00:36:17+00:00,2024-11-26 00:40:18+00:00,4.016666666666667
Cemex--1026256738,423.0,2024-11-26 06:56:01+00:00,2024-11-26 06:56:11+00:00,0.16666666666666666
Cemex--1026257173,283.0,2024-11-26 08:58:11+00:00,2024-11-26 08:59:41+00:00,1.5
Cemex--1026257849,543.0,2024-11-26 08:52:10+00:00,2024-11-26 08:55:31+00:00,3.35
Cemex--1026257903,461.0,2024-11-26 07:41:39+00:00,2024-11-26 07:45:09+00:00,3.5
Cemex--1026258136,258.0,2024-11-26 07:57:25+00:00,2024-11-26 08:02:16+00:00,4.85
Cemex--1026258136,259.0,2024-11-26 08:24:20+00:00,2024-11-26 08:37:33+00:00,13.216666666666667
Cemex--1026258168,430.0,2024-11-26 08:35:37+00:00,2024-11-26 08:37:58+00:00,2.35
Cemex--1026258294,426.0,2024-11-26 07:32:24+00:00,2024-11-26 07:32:34+00:00,0.16666666666666666
Cemex--1026258816,378.0,2024-11-26 07:44:51+00:00,2024-11-26 07:45:31+00:00,0.6666666666666666
Cemex--1026258871,494.0,2024-11-26 07:56:10+00:00,2024-11-26 07:59:21+00:00,3.183333333333333
Cemex--1026259174,414.0,2024-11-26 08:58:51+00:00,2024-11-26 09:00:01+00:00,1.1666666666666667
Cemex--1026259195,88.0,2024-11-26 08:27:03+00:00,2024-11-26 08:32:54+00:00,5.85
Cemex--1026261114,277.0,2024-11-26 09:07:58+00:00,2024-11-26 09:08:08+00:00,0.16666666666666666
Cemex--1026261827,218.0,2024-11-26 09:37:53+00:00,2024-11-26 09:43:54+00:00,6.016666666666667
Cemex--1026261902,296.0,2024-11-26 09:12:31+00:00,2024-11-26 09:14:02+00:00,1.5166666666666666
Cemex--1026262643,431.0,2024-11-26 09:29:27+00:00,2024-11-26 09:29:27+00:00,0.0
Cemex--1026262839,361.0,2024-11-26 11:36:01+00:00,2024-11-26 11:40:12+00:00,4.183333333333334
Cemex--1026262978,474.0,2024-11-26 10:39:18+00:00,2024-11-26 10:50:20+00:00,11.033333333333333
Cemex--1026263381,420.0,2024-11-26 09:53:51+00:00,2024-11-26 09:58:12+00:00,4.35
Cemex--1026263397,521.0,2024-11-26 10:13:39+00:00,2024-11-26 10:15:20+00:00,1.6833333333333333
Cemex--1026263731,342.0,2024-11-26 11:56:45+00:00,2024-11-26 12:40:13+00:00,43.46666666666667
Cemex--1026264705,335.0,2024-11-26 10:48:57+00:00,2024-11-26 10:52:28+00:00,3.5166666666666666
Cemex--1026264747,1.0,2024-11-26 11:07:04+00:00,2024-11-26 11:07:04+00:00,0.0
Cemex--1026264963,220.0,2024-11-26 11:09:28+00:00,2024-11-26 11:16:50+00:00,7.366666666666666
Cemex--1026265164,385.0,2024-11-26 11:05:42+00:00,2024-11-26 11:05:42+00:00,0.0
Cemex--1026265164,386.0,2024-11-26 11:08:23+00:00,2024-11-26 11:08:23+00:00,0.0
Cemex--1026265164,387.0,2024-11-26 11:11:14+00:00,2024-11-26 11:12:24+00:00,1.1666666666666667
Cemex--1026265164,388.0,2024-11-26 11:13:24+00:00,2024-11-26 11:14:04+00:00,0.6666666666666666
Cemex--1026265164,389.0,2024-11-26 11:19:45+00:00,2024-11-26 11:25:46+00:00,6.016666666666667
Cemex--1026265164,390.0,2024-11-26 11:51:51+00:00,2024-11-26 11:53:51+00:00,2.0
Cemex--1026265208,415.0,2024-11-26 11:45:43+00:00,2024-11-26 11:45:43+00:00,0.0
Cemex--1026265243,48.0,2024-11-26 11:30:23+00:00,2024-11-26 11:38:35+00:00,8.2
Cemex--1026265243,49.0,2024-11-26 11:40:55+00:00,2024-11-26 11:51:57+00:00,11.033333333333333
Cemex--1026265243,50.0,2024-11-26 11:54:58+00:00,2024-11-26 12:05:00+00:00,10.033333333333333
Cemex--1026265434,340.0,2024-11-26 11:50:34+00:00,2024-11-26 11:56:35+00:00,6.016666666666667
Cemex--1026265500,356.0,2024-11-26 11:56:04+00:00,2024-11-26 12:08:07+00:00,12.05
Cemex--1026266147,208.0,2024-11-26 12:32:17+00:00,2024-11-26 12:42:59+00:00,10.7
Cemex--1026266290,309.0,2024-11-26 11:18:00+00:00,2024-11-26 11:21:20+00:00,3.3333333333333335
Cemex--1026266356,460.0,2024-11-26 12:00:11+00:00,2024-11-26 12:07:52+00:00,7.683333333333334
Cemex--1026266551,438.0,2024-11-26 11:57:21+00:00,2024-11-26 12:03:12+00:00,5.85
Cemex--1026266552,276.0,2024-11-26 12:21:52+00:00,2024-11-26 12:24:43+00:00,2.85
Cemex--1026266981,17.0,2024-11-26 12:29:06+00:00,2024-11-26 12:55:31+00:00,26.416666666666668
Cemex--1026266981,18.0,2024-11-26 12:57:22+00:00,2024-11-26 13:02:12+00:00,4.833333333333333
Cemex--1026267557,355.0,2024-11-26 12:52:22+00:00,2024-11-26 13:04:54+00:00,12.533333333333333
Cemex--1026267712,467.0,2024-11-26 12:11:26+00:00,2024-11-26 12:12:56+00:00,1.5
Cemex--1026268248,522.0,2024-11-26 14:18:05+00:00,2024-11-26 15:17:57+00:00,59.86666666666667
Cemex--1026268278,21.0,2024-11-26 14:53:11+00:00,2024-11-26 15:02:33+00:00,9.366666666666667
Cemex--1026268659,472.0,2024-11-26 13:01:01+00:00,2024-11-26 13:16:43+00:00,15.7
Cemex--1026268659,473.0,2024-11-26 13:59:52+00:00,2024-11-26 14:06:33+00:00,6.683333333333334
Cemex--1026269105,313.0,2024-11-26 14:04:48+00:00,2024-11-26 14:32:03+00:00,27.25
Cemex--1026269331,380.0,2024-11-26 14:18:15+00:00,2024-11-26 14:18:25+00:00,0.16666666666666666
Cemex--1026269517,51.0,2024-11-26 13:24:24+00:00,2024-11-26 13:30:25+00:00,6.016666666666667
Cemex--1026269517,52.0,2024-11-26 13:50:29+00:00,2024-11-26 13:58:40+00:00,8.183333333333334
Cemex--1026269517,53.0,2024-11-26 14:00:21+00:00,2024-11-26 14:05:52+00:00,5.516666666666667
Cemex--1026269517,54.0,2024-11-26 14:22:35+00:00,2024-11-26 14:28:46+00:00,6.183333333333334
Cemex--1026269517,55.0,2024-11-26 14:31:16+00:00,2024-11-26 14:34:57+00:00,3.683333333333333
Cemex--1026269741,424.0,2024-11-26 13:03:56+00:00,2024-11-26 13:04:16+00:00,0.3333333333333333
Cemex--1026269930,427.0,2024-11-26 14:28:39+00:00,2024-11-26 14:46:23+00:00,17.733333333333334
Cemex--1026270154,465.0,2024-11-26 13:50:05+00:00,2024-11-26 13:56:06+00:00,6.016666666666667
Cemex--1026270588,310.0,2024-11-26 13:44:25+00:00,2024-11-26 13:44:35+00:00,0.16666666666666666
Cemex--1026271031,490.0,2024-11-26 16:44:18+00:00,2024-11-26 16:53:20+00:00,9.033333333333333
Cemex--1026271257,391.0,2024-11-26 15:00:06+00:00,2024-11-26 15:01:56+00:00,1.8333333333333333
Cemex--1026271257,392.0,2024-11-26 15:04:06+00:00,2024-11-26 15:04:06+00:00,0.0
Cemex--1026271257,393.0,2024-11-26 15:04:27+00:00,2024-11-26 15:04:57+00:00,0.5
Cemex--1026271277,198.0,2024-11-26 14:03:03+00:00,2024-11-26 14:03:03+00:00,0.0
Cemex--1026271422,80.0,2024-11-26 14:33:17+00:00,2024-11-26 14:41:39+00:00,8.366666666666667
Cemex--1026271559,264.0,2024-11-26 14:28:27+00:00,2024-11-26 14:31:07+00:00,2.6666666666666665
Cemex--1026271559,265.0,2024-11-26 15:17:06+00:00,2024-11-26 15:23:07+00:00,6.016666666666667
Cemex--1026271559,266.0,2024-11-26 15:51:43+00:00,2024-11-26 15:52:43+00:00,1.0
Cemex--1026271602,509.0,2024-11-26 15:22:49+00:00,2024-11-26 15:26:00+00:00,3.183333333333333
Cemex--1026271878,381.0,2024-11-26 15:09:55+00:00,2024-11-26 15:09:55+00:00,0.0
Cemex--1026272043,89.0,2024-11-26 14:50:19+00:00,2024-11-26 14:55:20+00:00,5.016666666666667
Cemex--1026272423,321.0,2024-11-26 15:09:42+00:00,2024-11-26 15:11:02+00:00,1.3333333333333333
Cemex--1026272576,231.0,2024-11-26 17:58:32+00:00,2024-11-26 18:03:23+00:00,4.85
Cemex--1026272594,447.0,2024-11-26 15:03:55+00:00,2024-11-26 15:03:55+00:00,0.0
Cemex--1026272958,402.0,2024-11-26 16:06:21+00:00,2024-11-26 16:10:42+00:00,4.35
Cemex--1026273290,368.0,2024-11-26 17:07:21+00:00,2024-11-26 17:09:31+00:00,2.1666666666666665
Holcim--4405006903,161.0,2024-11-20 10:02:57+00:00,2024-11-20 10:07:58+00:00,5.016666666666667
Holcim--4405006912,162.0,2024-11-20 11:29:23+00:00,2024-11-20 11:34:24+00:00,5.016666666666667
Holcim--4405006935,176.0,2024-11-20 16:26:47+00:00,2024-11-20 16:26:47+00:00,0.0
Holcim--4405006938,192.0,2024-11-21 07:46:32+00:00,2024-11-21 07:54:23+00:00,7.85
Holcim--4405006945,193.0,2024-11-21 11:21:53+00:00,2024-11-21 11:47:38+00:00,25.75
Holcim--4405006959,177.0,2024-11-21 14:09:57+00:00,2024-11-21 14:09:57+00:00,0.0
Holcim--4405006967,156.0,2024-11-22 07:26:01+00:00,2024-11-22 07:30:32+00:00,4.516666666666667
Holcim--4405006977,194.0,2024-11-22 09:35:27+00:00,2024-11-22 09:35:27+00:00,0.0
Holcim--4405006983,157.0,2024-11-22 11:28:17+00:00,2024-11-22 12:26:48+00:00,58.516666666666666
Holcim--4405007007,158.0,2024-11-25 07:30:36+00:00,2024-11-25 07:33:57+00:00,3.35
Holcim--4405007009,195.0,2024-11-25 08:47:21+00:00,2024-11-25 08:53:52+00:00,6.516666666666667
Holcim--4405007033,163.0,2024-11-25 16:49:15+00:00,2024-11-25 17:49:07+00:00,59.86666666666667
Holcim--4405007033,164.0,2024-11-26 06:58:36+00:00,2024-11-26 07:19:30+00:00,20.9
Holcim--4423003752,165.0,2024-11-20 15:35:53+00:00,2024-11-20 15:35:53+00:00,0.0
Holcim--4423003752,166.0,2024-11-20 16:12:21+00:00,2024-11-20 16:23:24+00:00,11.05
Holcim--4423003752,167.0,2024-11-20 16:24:51+00:00,2024-11-20 16:26:01+00:00,1.1666666666666667
Holcim--4423003752,168.0,2024-11-20 16:27:40+00:00,2024-11-21 04:51:59+00:00,744.3166666666667
Holcim--4423003776,169.0,2024-11-21 13:48:32+00:00,2024-11-21 14:27:40+00:00,39.13333333333333
Holcim--4423003776,170.0,2024-11-21 14:47:18+00:00,2024-11-21 14:47:58+00:00,0.6666666666666666
Holcim--4423003776,171.0,2024-11-21 14:50:16+00:00,2024-11-21 14:50:46+00:00,0.5
Holcim--4423003776,172.0,2024-11-21 14:52:08+00:00,2024-11-21 14:56:59+00:00,4.85
Holcim--4423003776,173.0,2024-11-21 14:59:21+00:00,2024-11-22 04:52:02+00:00,832.6833333333333
Holcim--4423003777,148.0,2024-11-21 13:43:44+00:00,2024-11-21 14:27:42+00:00,43.96666666666667
Holcim--4423003777,149.0,2024-11-21 14:47:26+00:00,2024-11-21 14:50:17+00:00,2.85
Holcim--4423003777,150.0,2024-11-21 14:52:57+00:00,2024-11-21 15:52:39+00:00,59.7
Holcim--4426013143,138.0,2024-11-20 06:16:05+00:00,2024-11-20 06:47:21+00:00,31.266666666666666
Holcim--4426013147,151.0,2024-11-20 07:42:38+00:00,2024-11-20 07:43:28+00:00,0.8333333333333334
Holcim--4426013147,152.0,2024-11-20 08:06:53+00:00,2024-11-20 08:07:13+00:00,0.3333333333333333
Holcim--4426013172,139.0,2024-11-20 09:13:49+00:00,2024-11-20 09:23:51+00:00,10.033333333333333
Holcim--4426013188,140.0,2024-11-20 11:16:53+00:00,2024-11-20 11:32:06+00:00,15.216666666666667
Holcim--4426013188,141.0,2024-11-20 11:37:17+00:00,2024-11-20 12:11:13+00:00,33.93333333333333
Holcim--4426013188,142.0,2024-11-20 12:12:53+00:00,2024-11-20 12:25:56+00:00,13.05
Holcim--4426013199,153.0,2024-11-20 13:18:48+00:00,2024-11-20 13:19:08+00:00,0.3333333333333333
Holcim--4426013199,154.0,2024-11-20 13:23:19+00:00,2024-11-20 13:24:50+00:00,1.5166666666666666
Holcim--4426013208,143.0,2024-11-20 14:20:57+00:00,2024-11-20 14:26:58+00:00,6.016666666666667
Holcim--4426013249,144.0,2024-11-21 13:27:26+00:00,2024-11-21 13:57:32+00:00,30.1
Holcim--4426013341,145.0,2024-11-25 11:02:23+00:00,2024-11-25 11:13:25+00:00,11.033333333333333
Holcim--4426013341,146.0,2024-11-25 11:21:06+00:00,2024-11-25 11:28:48+00:00,7.7
Holcim--4426013368,147.0,2024-11-26 10:11:23+00:00,2024-11-26 10:11:33+00:00,0.16666666666666666
Holcim--4426013369,155.0,2024-11-26 11:07:02+00:00,2024-11-26 11:08:43+00:00,1.6833333333333333
Holcim--4429011820,159.0,2024-11-20 08:34:28+00:00,2024-11-20 08:35:39+00:00,1.1833333333333333
Holcim--4429011958,160.0,2024-11-22 09:47:33+00:00,2024-11-22 09:47:33+00:00,0.0
Holcim--4429012028,90.0,2024-11-25 08:49:33+00:00,2024-11-25 08:52:24+00:00,2.85
Holcim--4436004696,174.0,2024-11-20 06:43:50+00:00,2024-11-20 06:44:40+00:00,0.8333333333333334
Holcim--4436004705,91.0,2024-11-20 09:45:20+00:00,2024-11-20 09:50:51+00:00,5.516666666666667
Holcim--4436004710,92.0,2024-11-20 13:05:49+00:00,2024-11-20 13:09:39+00:00,3.8333333333333335
Holcim--4436004713,175.0,2024-11-20 14:54:14+00:00,2024-11-20 14:58:15+00:00,4.016666666666667
Holcim--4436004715,82.0,2024-11-20 14:34:10+00:00,2024-11-20 14:39:11+00:00,5.016666666666667
Holcim--4436004718,93.0,2024-11-21 07:54:56+00:00,2024-11-21 07:58:57+00:00,4.016666666666667
Holcim--4436004725,94.0,2024-11-21 09:23:13+00:00,2024-11-21 09:26:34+00:00,3.35
Holcim--4436004728,110.0,2024-11-21 09:32:27+00:00,2024-11-21 09:40:18+00:00,7.85
Holcim--4436004728,111.0,2024-11-21 10:05:43+00:00,2024-11-21 10:18:16+00:00,12.55
Holcim--4436004735,112.0,2024-11-21 12:29:11+00:00,2024-11-21 12:36:02+00:00,6.85
Holcim--4436004735,113.0,2024-11-21 12:49:14+00:00,2024-11-21 12:49:44+00:00,0.5
Holcim--4436004735,114.0,2024-11-21 12:50:25+00:00,2024-11-21 12:59:16+00:00,8.85
Holcim--4436004741,115.0,2024-11-21 13:40:24+00:00,2024-11-21 13:46:25+00:00,6.016666666666667
Holcim--4436004742,190.0,2024-11-21 14:59:58+00:00,2024-11-21 14:59:58+00:00,0.0
Holcim--4436004748,116.0,2024-11-21 15:24:43+00:00,2024-11-21 15:27:54+00:00,3.183333333333333
Holcim--4436004748,117.0,2024-11-21 15:52:18+00:00,2024-11-21 15:54:59+00:00,2.683333333333333
Holcim--4436004756,95.0,2024-11-22 09:52:54+00:00,2024-11-22 09:56:45+00:00,3.85
Holcim--4436004777,96.0,2024-11-25 08:13:07+00:00,2024-11-25 08:17:58+00:00,4.85
Holcim--4436004788,33.0,2024-11-25 10:36:47+00:00,2024-11-25 10:45:29+00:00,8.7
Holcim--4436004795,83.0,2024-11-25 12:38:53+00:00,2024-11-25 12:42:04+00:00,3.183333333333333
Holcim--4436004796,34.0,2024-11-25 12:59:24+00:00,2024-11-25 13:09:06+00:00,9.7
Holcim--4436004797,127.0,2024-11-25 12:17:28+00:00,2024-11-25 12:26:30+00:00,9.033333333333333
Holcim--4436004797,128.0,2024-11-25 12:53:45+00:00,2024-11-25 13:03:17+00:00,9.533333333333333
Holcim--4436004797,129.0,2024-11-25 13:14:19+00:00,2024-11-25 13:22:10+00:00,7.85
Holcim--4436004798,97.0,2024-11-25 12:51:41+00:00,2024-11-25 12:56:52+00:00,5.183333333333334
Holcim--4436004804,130.0,2024-11-25 13:57:17+00:00,2024-11-25 14:03:39+00:00,6.366666666666666
Holcim--4436004804,131.0,2024-11-25 14:35:24+00:00,2024-11-25 14:41:36+00:00,6.2
Holcim--4436004804,132.0,2024-11-25 14:44:56+00:00,2024-11-25 14:59:29+00:00,14.55
Holcim--4436004804,133.0,2024-11-25 15:08:01+00:00,2024-11-25 15:16:53+00:00,8.866666666666667
Holcim--4436004817,35.0,2024-11-26 09:03:13+00:00,2024-11-26 09:13:55+00:00,10.7
Holcim--4436004822,36.0,2024-11-26 10:23:59+00:00,2024-11-26 10:46:13+00:00,22.233333333333334
Holcim--4436004822,37.0,2024-11-26 11:17:49+00:00,2024-11-26 12:05:28+00:00,47.65
Holcim--4436004825,98.0,2024-11-26 12:10:23+00:00,2024-11-26 12:16:15+00:00,5.866666666666666
Holcim--4436004825,99.0,2024-11-26 13:03:14+00:00,2024-11-26 13:07:04+00:00,3.8333333333333335
Holcim--4436004828,191.0,2024-11-26 13:31:49+00:00,2024-11-26 13:37:00+00:00,5.183333333333334
Holcim--4436004829,38.0,2024-11-26 14:31:16+00:00,2024-11-26 14:40:58+00:00,9.7
Holcim--4463003831,24.0,2024-11-20 07:45:17+00:00,2024-11-20 08:03:11+00:00,17.9
Holcim--4463003839,25.0,2024-11-20 13:01:16+00:00,2024-11-20 13:24:31+00:00,23.25
Holcim--4463003844,26.0,2024-11-20 16:23:16+00:00,2024-11-20 16:33:38+00:00,10.366666666666667
Holcim--4463003850,27.0,2024-11-21 07:44:49+00:00,2024-11-21 08:01:53+00:00,17.066666666666666
Holcim--4463003853,28.0,2024-11-21 09:56:25+00:00,2024-11-21 10:15:20+00:00,18.916666666666668
Holcim--4463003853,29.0,2024-11-21 10:24:21+00:00,2024-11-21 10:49:06+00:00,24.75
Holcim--4463003858,30.0,2024-11-21 13:24:49+00:00,2024-11-21 13:35:31+00:00,10.7
Holcim--4463003866,31.0,2024-11-22 08:41:18+00:00,2024-11-22 09:40:59+00:00,59.68333333333333
Holcim--4463003874,32.0,2024-11-22 14:27:07+00:00,2024-11-22 15:26:59+00:00,59.86666666666667
Holcim--4463003880,81.0,2024-11-25 07:10:31+00:00,2024-11-25 07:10:31+00:00,0.0
Holcim--4464005167,100.0,2024-11-20 05:36:57+00:00,2024-11-20 05:38:18+00:00,1.35
Holcim--4464005175,101.0,2024-11-20 07:47:12+00:00,2024-11-20 07:48:42+00:00,1.5
Holcim--4464005181,187.0,2024-11-20 09:55:45+00:00,2024-11-20 09:55:45+00:00,0.0
Holcim--4464005182,102.0,2024-11-20 09:33:33+00:00,2024-11-20 09:36:23+00:00,2.8333333333333335
Holcim--4464005195,103.0,2024-11-20 12:26:16+00:00,2024-11-20 12:27:26+00:00,1.1666666666666667
Holcim--4464005195,104.0,2024-11-20 12:47:30+00:00,2024-11-20 14:56:15+00:00,128.75
Holcim--4464005195,105.0,2024-11-20 15:26:23+00:00,2024-11-20 15:39:46+00:00,13.383333333333333
Holcim--4464005195,106.0,2024-11-20 15:44:36+00:00,2024-11-20 15:46:57+00:00,2.35
Holcim--4464005195,107.0,2024-11-20 15:53:28+00:00,2024-11-20 16:04:50+00:00,11.366666666666667
Holcim--4464005207,108.0,2024-11-21 05:39:52+00:00,2024-11-21 05:43:33+00:00,3.683333333333333
Holcim--4464005214,109.0,2024-11-21 07:53:18+00:00,2024-11-21 07:54:58+00:00,1.6666666666666667
Holcim--4464005229,188.0,2024-11-22 07:07:01+00:00,2024-11-22 07:08:02+00:00,1.0166666666666666
Holcim--4464005239,118.0,2024-11-22 12:38:13+00:00,2024-11-22 12:40:03+00:00,1.8333333333333333
Holcim--4464005239,119.0,2024-11-22 13:09:49+00:00,2024-11-22 13:27:12+00:00,17.383333333333333
Holcim--4464005252,120.0,2024-11-25 08:14:23+00:00,2024-11-25 08:16:33+00:00,2.1666666666666665
Holcim--4464005252,121.0,2024-11-25 08:34:46+00:00,2024-11-25 08:51:20+00:00,16.566666666666666
Holcim--4464005252,122.0,2024-11-25 08:57:11+00:00,2024-11-25 09:07:53+00:00,10.7
Holcim--4464005254,189.0,2024-11-25 11:05:57+00:00,2024-11-25 11:11:28+00:00,5.516666666666667
Holcim--4464005258,123.0,2024-11-25 09:54:52+00:00,2024-11-25 09:55:12+00:00,0.3333333333333333
Holcim--4464005258,124.0,2024-11-25 10:52:13+00:00,2024-11-25 10:52:13+00:00,0.0
Holcim--4464005258,125.0,2024-11-25 10:54:23+00:00,2024-11-25 11:05:25+00:00,11.033333333333333
Holcim--4464005258,126.0,2024-11-25 11:33:20+00:00,2024-11-25 11:42:32+00:00,9.2
Holcim--4464005276,134.0,2024-11-26 07:27:07+00:00,2024-11-26 07:28:38+00:00,1.5166666666666666
Holcim--4464005276,135.0,2024-11-26 07:45:21+00:00,2024-11-26 08:09:55+00:00,24.566666666666666
Holcim--4464005285,136.0,2024-11-26 11:36:45+00:00,2024-11-26 11:38:56+00:00,2.183333333333333
Holcim--4464005285,137.0,2024-11-26 12:17:13+00:00,2024-11-26 13:12:43+00:00,55.5
Holcim--4730164598,554.0,2024-11-20 06:14:03+00:00,2024-11-20 06:14:53+00:00,0.8333333333333334
Holcim--4730164639,582.0,2024-11-20 10:25:36+00:00,2024-11-20 10:26:46+00:00,1.1666666666666667
Holcim--4730164639,583.0,2024-11-20 10:31:47+00:00,2024-11-20 10:32:57+00:00,1.1666666666666667
Holcim--4730164639,584.0,2024-11-20 10:58:42+00:00,2024-11-20 11:07:03+00:00,8.35
Holcim--4730164661,590.0,2024-11-20 13:25:55+00:00,2024-11-20 13:29:05+00:00,3.1666666666666665
Holcim--4730164661,591.0,2024-11-20 13:37:47+00:00,2024-11-20 13:40:17+00:00,2.5
Holcim--4730164661,592.0,2024-11-20 13:42:17+00:00,2024-11-20 13:46:18+00:00,4.016666666666667
Holcim--4730164661,593.0,2024-11-20 14:22:25+00:00,2024-11-20 14:25:26+00:00,3.0166666666666666
Holcim--4730164662,585.0,2024-11-20 13:13:07+00:00,2024-11-20 13:21:59+00:00,8.866666666666667
Holcim--4730164702,586.0,2024-11-21 08:23:13+00:00,2024-11-21 08:23:53+00:00,0.6666666666666666
Holcim--4730164702,587.0,2024-11-21 08:25:33+00:00,2024-11-21 08:25:43+00:00,0.16666666666666666
Holcim--4730164708,556.0,2024-11-21 09:23:04+00:00,2024-11-21 09:25:45+00:00,2.683333333333333
Holcim--4730164708,557.0,2024-11-21 09:30:46+00:00,2024-11-21 09:34:56+00:00,4.166666666666667
Holcim--4730164708,558.0,2024-11-21 09:35:27+00:00,2024-11-21 09:43:48+00:00,8.35
Holcim--4730164708,559.0,2024-11-21 09:44:18+00:00,2024-11-21 09:48:39+00:00,4.35
Holcim--4730164708,560.0,2024-11-21 09:49:09+00:00,2024-11-21 09:53:40+00:00,4.516666666666667
Holcim--4730164708,561.0,2024-11-21 09:54:11+00:00,2024-11-21 09:58:11+00:00,4.0
Holcim--4730164708,562.0,2024-11-21 09:59:02+00:00,2024-11-21 10:04:02+00:00,5.0
Holcim--4730164708,563.0,2024-11-21 10:04:32+00:00,2024-11-21 10:07:43+00:00,3.183333333333333
Holcim--4730164708,564.0,2024-11-21 10:08:23+00:00,2024-11-21 10:13:44+00:00,5.35
Holcim--4730164708,565.0,2024-11-21 10:21:16+00:00,2024-11-21 10:24:57+00:00,3.683333333333333
Holcim--4730164708,566.0,2024-11-21 10:25:27+00:00,2024-11-21 10:42:50+00:00,17.383333333333333
Holcim--4730164722,567.0,2024-11-21 12:35:52+00:00,2024-11-21 12:40:13+00:00,4.35
Holcim--4730164722,568.0,2024-11-21 12:40:53+00:00,2024-11-21 12:41:03+00:00,0.16666666666666666
Holcim--4730164722,569.0,2024-11-21 12:41:33+00:00,2024-11-21 12:44:54+00:00,3.35
Holcim--4730164722,570.0,2024-11-21 12:46:04+00:00,2024-11-21 12:49:25+00:00,3.35
Holcim--4730164722,571.0,2024-11-21 12:50:15+00:00,2024-11-21 12:53:25+00:00,3.1666666666666665
Holcim--4730164722,572.0,2024-11-21 12:54:25+00:00,2024-11-21 12:59:06+00:00,4.683333333333334
Holcim--4730164722,573.0,2024-11-21 13:00:17+00:00,2024-11-21 13:04:58+00:00,4.683333333333334
Holcim--4730164722,574.0,2024-11-21 13:06:08+00:00,2024-11-21 13:12:39+00:00,6.516666666666667
Holcim--4730164722,575.0,2024-11-21 13:13:49+00:00,2024-11-21 13:26:52+00:00,13.05
Holcim--4730164722,576.0,2024-11-21 13:27:32+00:00,2024-11-21 13:40:44+00:00,13.2
Holcim--4730164780,544.0,2024-11-22 13:57:06+00:00,2024-11-22 13:58:16+00:00,1.1666666666666667
Holcim--4730164780,545.0,2024-11-22 13:59:06+00:00,2024-11-22 14:03:57+00:00,4.85
Holcim--4730164780,546.0,2024-11-22 14:04:47+00:00,2024-11-22 14:11:18+00:00,6.516666666666667
Holcim--4730164780,547.0,2024-11-22 14:11:58+00:00,2024-11-22 14:18:00+00:00,6.033333333333333
Holcim--4730164780,548.0,2024-11-22 14:18:40+00:00,2024-11-22 14:23:21+00:00,4.683333333333334
Holcim--4730164780,549.0,2024-11-22 14:24:01+00:00,2024-11-22 14:31:12+00:00,7.183333333333334
Holcim--4730164780,550.0,2024-11-22 14:32:32+00:00,2024-11-22 14:38:23+00:00,5.85
Holcim--4730164780,551.0,2024-11-22 14:40:24+00:00,2024-11-22 14:48:25+00:00,8.016666666666667
Holcim--4730164780,552.0,2024-11-22 14:56:47+00:00,2024-11-22 15:03:08+00:00,6.35
Holcim--4730164789,577.0,2024-11-25 06:44:35+00:00,2024-11-25 06:50:16+00:00,5.683333333333334
Holcim--4730164789,578.0,2024-11-25 07:00:18+00:00,2024-11-25 07:03:29+00:00,3.183333333333333
Holcim--4730164789,579.0,2024-11-25 07:14:21+00:00,2024-11-25 07:18:11+00:00,3.8333333333333335
Holcim--4730164789,580.0,2024-11-25 07:19:01+00:00,2024-11-25 07:24:32+00:00,5.516666666666667
Holcim--4730164804,581.0,2024-11-25 09:05:51+00:00,2024-11-25 09:07:22+00:00,1.5166666666666666
Holcim--4730164847,555.0,2024-11-26 07:40:37+00:00,2024-11-26 07:44:28+00:00,3.85
Holcim--4730164872,553.0,2024-11-26 11:14:03+00:00,2024-11-26 11:45:19+00:00,31.266666666666666
Holcim--4730164891,594.0,2024-11-26 13:01:56+00:00,2024-11-26 13:15:19+00:00,13.383333333333333
Holcim--4730164900,588.0,2024-11-26 13:27:27+00:00,2024-11-26 13:30:48+00:00,3.35
Holcim--4730164900,589.0,2024-11-26 14:11:15+00:00,2024-11-26 14:12:25+00:00,1.1666666666666667
Holcim--4730164908,595.0,2024-11-26 15:13:31+00:00,2024-11-26 15:34:55+00:00,21.4
London-Concrete--41183681,596.0,2024-11-20 11:08:31+00:00,2024-11-20 11:09:01+00:00,0.5
London-Concrete--41183762,600.0,2024-11-20 11:55:08+00:00,2024-11-20 11:55:08+00:00,0.0
London-Concrete--41183905,232.0,2024-11-20 12:30:59+00:00,2024-11-20 12:33:59+00:00,3.0
London-Concrete--41184347,497.0,2024-11-20 17:41:08+00:00,2024-11-20 18:40:39+00:00,59.516666666666666
London-Concrete--41184347,498.0,2024-11-21 08:02:59+00:00,2024-11-21 08:03:09+00:00,0.16666666666666666
London-Concrete--41184462,597.0,2024-11-21 07:42:55+00:00,2024-11-21 07:51:37+00:00,8.7
London-Concrete--41184771,233.0,2024-11-21 10:24:16+00:00,2024-11-21 10:34:17+00:00,10.016666666666667
London-Concrete--41184967,178.0,2024-11-21 12:14:09+00:00,2024-11-21 12:24:52+00:00,10.716666666666667
London-Concrete--41185373,179.0,2024-11-21 16:37:35+00:00,2024-11-21 17:37:26+00:00,59.85
London-Concrete--41186208,499.0,2024-11-22 10:38:43+00:00,2024-11-22 10:40:04+00:00,1.35
London-Concrete--41186210,536.0,2024-11-22 10:39:27+00:00,2024-11-22 10:39:27+00:00,0.0
London-Concrete--41186569,537.0,2024-11-22 12:39:30+00:00,2024-11-22 12:40:10+00:00,0.6666666666666666
London-Concrete--41186671,180.0,2024-11-22 13:39:57+00:00,2024-11-22 13:45:59+00:00,6.033333333333333
London-Concrete--41186862,538.0,2024-11-22 14:31:51+00:00,2024-11-22 14:31:51+00:00,0.0
London-Concrete--41187031,539.0,2024-11-22 17:19:33+00:00,2024-11-22 17:19:53+00:00,0.3333333333333333
London-Concrete--41187343,181.0,2024-11-23 09:44:12+00:00,2024-11-23 09:44:32+00:00,0.3333333333333333
London-Concrete--41187343,182.0,2024-11-23 10:32:50+00:00,2024-11-23 10:36:31+00:00,3.683333333333333
London-Concrete--41187343,183.0,2024-11-23 11:54:36+00:00,2024-11-23 11:57:56+00:00,3.3333333333333335
London-Concrete--41187843,234.0,2024-11-25 09:42:19+00:00,2024-11-25 09:42:49+00:00,0.5
London-Concrete--41188018,598.0,2024-11-25 10:35:03+00:00,2024-11-25 10:36:04+00:00,1.0166666666666666
London-Concrete--41188225,184.0,2024-11-25 11:49:04+00:00,2024-11-25 11:53:25+00:00,4.35
London-Concrete--41188284,235.0,2024-11-25 12:06:17+00:00,2024-11-25 12:07:28+00:00,1.1833333333333333
London-Concrete--41188318,344.0,2024-11-25 13:28:27+00:00,2024-11-25 13:30:17+00:00,1.8333333333333333
London-Concrete--41188318,345.0,2024-11-25 13:30:57+00:00,2024-11-25 13:35:58+00:00,5.016666666666667
London-Concrete--41188318,346.0,2024-11-25 13:38:09+00:00,2024-11-25 13:43:20+00:00,5.183333333333334
London-Concrete--41188318,347.0,2024-11-25 13:47:20+00:00,2024-11-25 13:56:12+00:00,8.866666666666667
London-Concrete--41188537,185.0,2024-11-25 13:54:08+00:00,2024-11-25 13:59:59+00:00,5.85
London-Concrete--41189196,348.0,2024-11-26 09:09:51+00:00,2024-11-26 09:09:51+00:00,0.0
London-Concrete--41189793,349.0,2024-11-26 12:49:32+00:00,2024-11-26 12:56:14+00:00,6.7
London-Concrete--41189898,186.0,2024-11-26 12:01:11+00:00,2024-11-26 12:01:21+00:00,0.16666666666666666
London-Concrete--41190104,599.0,2024-11-26 13:09:09+00:00,2024-11-26 13:09:29+00:00,0.3333333333333333
